{"assets/activity.png":["assets/activity.png"],"assets/body/arms.png":["assets/body/arms.png"],"assets/body/back.png":["assets/body/back.png"],"assets/body/chest.png":["assets/body/chest.png"],"assets/body/humanbody.gltf":["assets/body/humanbody.gltf"],"assets/body/legs.png":["assets/body/legs.png"],"assets/body/shoulder.png":["assets/body/shoulder.png"],"assets/dumble.png":["assets/dumble.png"],"assets/female.png":["assets/female.png"],"assets/girlyoga.gif":["assets/girlyoga.gif"],"assets/home/afternoon.gif":["assets/home/afternoon.gif"],"assets/home/evening.gif":["assets/home/evening.gif"],"assets/home/history.png":["assets/home/history.png"],"assets/home/logworkout.png":["assets/home/logworkout.png"],"assets/home/morning.gif":["assets/home/morning.gif"],"assets/home/progress.png":["assets/home/progress.png"],"assets/logo.png":["assets/logo.png"],"assets/logogolden.png":["assets/logogolden.png"],"assets/logowhite.png":["assets/logowhite.png"],"assets/male.png":["assets/male.png"],"assets/manlift.gif":["assets/manlift.gif"],"assets/moon.png":["assets/moon.png"],"assets/signin/google.png":["assets/signin/google.png"],"assets/signin/height.gif":["assets/signin/height.gif"],"assets/signin/verifymail.png":["assets/signin/verifymail.png"],"assets/signin/weight.gif":["assets/signin/weight.gif"],"assets/stats.png":["assets/stats.png"],"assets/sun.png":["assets/sun.png"],"assets/tracker.png":["assets/tracker.png"],"assets/trainee.png":["assets/trainee.png"],"assets/trainer.png":["assets/trainer.png"],"assets/womenrunning.gif":["assets/womenrunning.gif"],"packages/body_part_selector/m_back.svg":["packages/body_part_selector/m_back.svg"],"packages/body_part_selector/m_front.svg":["packages/body_part_selector/m_front.svg"],"packages/body_part_selector/m_left.svg":["packages/body_part_selector/m_left.svg"],"packages/body_part_selector/m_right.svg":["packages/body_part_selector/m_right.svg"],"packages/cupertino_icons/assets/CupertinoIcons.ttf":["packages/cupertino_icons/assets/CupertinoIcons.ttf"],"packages/font_awesome_flutter/lib/fonts/fa-brands-400.ttf":["packages/font_awesome_flutter/lib/fonts/fa-brands-400.ttf"],"packages/font_awesome_flutter/lib/fonts/fa-regular-400.ttf":["packages/font_awesome_flutter/lib/fonts/fa-regular-400.ttf"],"packages/font_awesome_flutter/lib/fonts/fa-solid-900.ttf":["packages/font_awesome_flutter/lib/fonts/fa-solid-900.ttf"],"packages/sign_in_button/assets/logos/2.0x/facebook_new.png":["packages/sign_in_button/assets/logos/2.0x/facebook_new.png"],"packages/sign_in_button/assets/logos/2.0x/google_dark.png":["packages/sign_in_button/assets/logos/2.0x/google_dark.png"],"packages/sign_in_button/assets/logos/2.0x/google_light.png":["packages/sign_in_button/assets/logos/2.0x/google_light.png"],"packages/sign_in_button/assets/logos/3.0x/facebook_new.png":["packages/sign_in_button/assets/logos/3.0x/facebook_new.png"],"packages/sign_in_button/assets/logos/3.0x/google_dark.png":["packages/sign_in_button/assets/logos/3.0x/google_dark.png"],"packages/sign_in_button/assets/logos/3.0x/google_light.png":["packages/sign_in_button/assets/logos/3.0x/google_light.png"],"packages/sign_in_button/assets/logos/facebook_new.png":["packages/sign_in_button/assets/logos/facebook_new.png","packages/sign_in_button/assets/logos/2.0x/facebook_new.png","packages/sign_in_button/assets/logos/3.0x/facebook_new.png"],"packages/sign_in_button/assets/logos/google_dark.png":["packages/sign_in_button/assets/logos/google_dark.png","packages/sign_in_button/assets/logos/2.0x/google_dark.png","packages/sign_in_button/assets/logos/3.0x/google_dark.png"],"packages/sign_in_button/assets/logos/google_light.png":["packages/sign_in_button/assets/logos/google_light.png","packages/sign_in_button/assets/logos/2.0x/google_light.png","packages/sign_in_button/assets/logos/3.0x/google_light.png"]}